R0_FP16_limited_evaluation	RUNNING	2026-10-08T08:54:17Z
R0_FP16_limited_evaluation	DONE	2026-10-08T08:55:02Z
R1_official_W2g64_limited_evaluation	RUNNING	2026-10-08T08:55:02Z
R1_official_W2g64_limited_evaluation	DONE	2026-10-08T08:55:40Z
prepare_tiny_local_datasets	RUNNING	2026-10-08T08:55:40Z
prepare_tiny_local_datasets	DONE	2026-10-08T08:55:44Z
R2_BlockAP_smoke	RUNNING	2026-10-08T08:55:44Z
R2_BlockAP_smoke	DONE	2026-10-08T09:21:54Z
R2_E2E_QP_smoke	RUNNING	2026-10-08T09:21:54Z
R2_E2E_QP_smoke	FAILED	2026-10-08T09:22:31Z
R2_E2E_QP_smoke	RUNNING	2026-10-08T09:26:51Z
R2_E2E_QP_smoke	FAILED	2026-10-08T09:27:18Z
R2_E2E_QP_smoke	RUNNING	2026-10-08T09:28:58Z
R2_E2E_QP_smoke	DONE	2026-10-08T09:29:31Z
R3_BlockAP_smoke	RUNNING	2026-10-08T09:29:31Z
R3_BlockAP_smoke	DONE	2026-10-08T09:55:40Z
R4_E2E_QP_smoke	RUNNING	2026-10-08T09:55:40Z
R4_E2E_QP_smoke	DONE	2026-10-08T09:56:07Z
R2_checkpoint_reload	RUNNING	2026-10-08T09:56:07Z
R2_checkpoint_reload	DONE	2026-10-08T09:56:23Z
R5_Alpaca_E2E	RUNNING	2026-10-08T09:56:23Z
R5_Alpaca_E2E	DONE	2026-10-08T09:56:52Z
R2_saved_evaluation	RUNNING	2026-10-08T09:56:52Z
R2_saved_evaluation	DONE	2026-10-08T09:57:42Z
R3_saved_evaluation	RUNNING	2026-10-08T09:57:42Z
R3_saved_evaluation	DONE	2026-10-08T09:58:22Z
R4_saved_evaluation	RUNNING	2026-10-08T09:58:22Z
R4_saved_evaluation	DONE	2026-10-08T09:59:01Z
R5_saved_evaluation	RUNNING	2026-10-08T09:59:01Z
R5_saved_evaluation	DONE	2026-10-08T09:59:46Z
R0_MMLU_reload	RUNNING	2026-10-08T09:59:46Z
R0_MMLU_reload	DONE	2026-10-08T10:00:32Z
R3_MMLU_reload	RUNNING	2026-10-08T10:00:32Z
R3_MMLU_reload	DONE	2026-10-08T10:01:11Z
R4_MMLU_reload	RUNNING	2026-10-08T10:01:11Z
R4_MMLU_reload	DONE	2026-10-08T10:01:50Z
R5_MMLU_reload	RUNNING	2026-10-08T10:01:50Z
R5_MMLU_reload	DONE	2026-10-08T10:02:34Z
smoke_artifact_validation	RUNNING	2026-10-08T10:02:34Z
smoke_artifact_validation	DONE	2026-10-08T10:02:34Z
